{
  "msg" : "success",
  "code" : 0,
  "data" : {
    "tieredPricing" : "no",
    "nameTitle" : "门票名称",
    "priceTitle" : "单价(￥)",
    "numTitle" : "数量",
    "timeTitle" : "截止时间",
    "currPriceIndex" : 0,
    "tieredPricingTitles" : [ ],
    "tickets" : [ {
      "name" : "三日通票",
      "price" : 200.0,
      "tieredPricing" : "no",
      "prices" : [ ],
      "open" : "yes",
      "minNum" : 1,
      "maxNum" : 10,
      "discounts" : "yes",
      "discountsNum" : 3,
      "discountsType" : 1,
      "discountsAmount" : 20.0,
      "freeNum" : 0,
      "discountsInfo" : "买三张立减20",
      "info" : "这是备注"
    }, {
      "name" : "单日票",
      "price" : 210.0,
      "tieredPricing" : "no",
      "prices" : [ ],
      "open" : "yes",
      "minNum" : 2,
      "maxNum" : 3,
      "discounts" : "yes",
      "discountsNum" : 5,
      "discountsType" : 2,
      "discountsAmount" : 0.0,
      "freeNum" : 1,
      "discountsInfo" : "买5张赠1张",
      "info" : "这是备注"
    }, {
      "name" : "免费票",
      "price" : 0.0,
      "tieredPricing" : "no",
      "prices" : [ ],
      "open" : "no",
      "minNum" : 1,
      "maxNum" : 1,
      "discounts" : "yes",
      "discountsNum" : 3,
      "discountsType" : 1,
      "discountsAmount" : 20.0,
      "freeNum" : 0,
      "discountsInfo" : "买三张立减20",
      "info" : "免费"
    }, {
      "name" : "免费票",
      "price" : 0.0,
      "tieredPricing" : "no",
      "prices" : [ ],
      "open" : "yes",
      "minNum" : 1,
      "maxNum" : 1,
      "discounts" : "yes",
      "discountsNum" : 3,
      "discountsType" : 1,
      "discountsAmount" : 20.0,
      "freeNum" : 0,
      "discountsInfo" : "买三张立减20",
      "info" : "免费"
    } ]
  }
}